,titles,sources
0,Di Balik Air Mata Kadishub Melepas Kepergian Sandiaga... ,kompas.com
1,Detik-detik Sandiaga Melepas Jabatannya sebagai Wagub DKI... ,kompas.com
2,Demokrat Jatim Yakin Khofifah-Emil Punya Sikap Sama di Pilpres 2019,kompas.com
3,Menakar Nasib Proyek Infrastruktur Pasca Pilpres 2019,kompas.com
4,"Ditanya Peluang Jadi Wagub, Mardani Ingin Fokus Menangkan Prabowo-Sandiaga",kompas.com
5,"Nama Cawapres Berubah, Relawan Jokowi Surabaya Deklarasi Tanpa Gambar",kompas.com
6,Kisah Para Penjual Kopi Keliling Pemburu Keramaian,kompas.com
7,Relawan AHY Alihkan Dukungan ke Sandiaga Uno,kompas.com
8,Ketua DPRD DKI Segera Urus Pengunduran Diri Sandiaga ,kompas.com
9,Wamen ESDM Pastikan Iklim Investasi di Migas Aman Saat Pilpres 2019,kompas.com
10,"Tak Diajak Jokowi dan Prabowo, PBB Netral di Pilpres 2019",kompas.com
11,"Sandiaga Akui, Pekerjaannya di Jakarta Masih Jauh dari Selesai",kompas.com
12,"Sandiaga: Aku Ingin Cerita Panjang, Aku Pengin Curhat... ",kompas.com
13,"Tinggalkan Gedung KPU, Sandiaga Diarak dan Sapa Pendukung dari Pintu Mobil",kompas.com
14,"Fadli Zon: Demokrat Bergabung, Koalisi Prabowo-Sandi Lebih Berenergi ",kompas.com
15,"Akhir Kompromi Bagi Jokowi, Ma'ruf Amin, dan Mahfud MD",kompas.com
16,Fadli Zon hingga Ahmad Dhani Berkumpul dengan KSPI Kawal Pendaftaran Prabowo ke KPU,kompas.com
17,Demokrat Yakin Prabowo-Sandiaga Bisa Memenangi Pilpres 2019,kompas.com
18,"AHY Persiapkan Diri Jadi Pemimpin Masa Depan, kalau Ada Kesempatan",kompas.com
19,"Pascapengumuman Jokowi-Ma'ruf Amin, Mahfud MD Habiskan Waktu di Kantor",kompas.com
20,"Sekjen Demokrat: Siapa Pun Cawapres Prabowo, Kami Terima",kompas.com
21,"Tinggalkan KPU, Jokowi-Ma'ruf Amin Lambaikan Tangan ke Pendukung ",kompas.com
22,"Nyatakan Dukungan, SBY Akan Ikut Daftarkan Prabowo-Sandiaga ke KPU",kompas.com
23,"Pawai ke KPU, Pendukung Jokowi-Ma'ruf Penuhi Badan Jalan",kompas.com
24,"Daftar ke KPU, Prabowo-Sandiaga Diiringi Pimpinan PAN dan PKS",kompas.com
25,Jokowi:Apa yang Kita Kerjakan Empat Tahun Bukan Fiksi,kompas.com
26,Jokowi: Gedung Joang 45 Kita Pilih sebagai Titik Awal Perjuangan,kompas.com
27,Golkar Jabar: Pilpres Kali Ini Tidak Terlalu Berat...,kompas.com
28,"Satu Mobil, Jokowi dan Ma'ruf Amin Tiba di Gedung Joang",kompas.com
29,Parade Baju Daerah se-Indonesia Meriahkan Suasana Gedung Joang 45,kompas.com
30,Rombongan Keluarga Dampingi Ma'ruf Amin Menuju Istana,kompas.com
31,Prabowo-Sandiaga Soroti Peningkatan Kemandirian di Bidang Ekonomi,kompas.com
32,"Ma'ruf Amin: Dia Mencintai dan Menghargai Ulama, Makanya Mengangkat Saya...",kompas.com
33,Ganjar: Pak Ma'ruf Amin Dapat Menangkis Serangan Politik Berbau Agama,kompas.com
34,Nusron Wahid Sambangi Kediaman Ma'ruf Amin,kompas.com
35,Personel Brimob Akan Amankan Hari Terakhir Pendaftaran Capres-Cawapres,kompas.com
36,"PKS Tetap Ajukan Salim Segaf, tapi Serahkan Putusan ke Koalisi",kompas.com
37,INFOGRAFIK: Jokowi Pilih Ma'ruf Amin,kompas.com
38,Konvoi Buruh untuk Antarkan Prabowo Mendaftar Capres Tiba di Bekasi,kompas.com
39,"""Sayonara"" dan Pelukan Anies-Sandiaga, Siapa yang Sedang Berpamitan? ",kompas.com
40,"Ajudan Unggah Video Sandiaga Peluk Anies, ""Caption""-nya Sayonara...",kompas.com
41,"Jika Jadi Cawapres, Sandiaga Tidak Harus Mundur dari Jabatan Wagub ",kompas.com
42,Jokowi dan Ketum Parpol Pendukung Gelar Rapat di Restoran Plataran Menteng,kompas.com
43,"Eep Saefulloh Fatah Sambangi Balai Kota DKI, Ada Apa?",kompas.com
44,"Dedi Mulyadi: Publik Seolah Terbelah Dua, Padahal Mereka Satu Bangsa",kompas.com
45,Kemendagri: Wagub Jadi Cawapres Tak Harus Mundur,kompas.com
46,"Usai Bertemu, Prabowo Rahasiakan Pembicaraannya dengan SBY",kompas.com
47,"Prabowo Usai Bertemu SBY: Sabar, Proses Masih Berjalan Ya",kompas.com
48,Mengakhiri Polarisasi Dua Kutub dengan Spirit Kejujuran,kompas.com
49,Wacana Duet Prabowo-Sandiaga Dinilai Mengancam Keutuhan Koalisi,kompas.com
50,"Gerindra Berharap PKS, PAN, dan Demokrat Tetap Berkoalisi di Pilpres 2019",kompas.com
51,"Telunjuk Jokowi, Petunjuk Romahurmuziy, dan Sosok Mahfud MD",kompas.com
52,"Zulkifli Hasan: Yang Terpenting Bagi PAN, Jumlah Kursi di DPR Meningkat",kompas.com
53,Nama Sandiaga Uno yang Tiba-tiba Muncul Jadi Kandidat Cawapres Prabowo,kompas.com
54,PDI-P Berharap PAN Gabung ke Koalisi Jokowi,kompas.com
55,"PDI-P: Cawapres Jokowi Sudah Ditentukan di Bogor, Kini Bahas Taktik dan Strategi",kompas.com
56,"Utak-atik Peta Koalisi Jokowi dan Prabowo, Mungkinkah Ada Poros Ketiga?",kompas.com
57,"Jaga Keseimbangan Oposisi, PAN Disarankan Tetap di Kubu Prabowo",kompas.com
58,"Usai Temui Jokowi, Zulkifli Hasan Didatangi Prabowo",kompas.com
59,Prabowo Dijadwalkan Deklarasi Cawapres Kamis dan Daftar ke KPU Jumat Besok,kompas.com
60,Jokowi dan Cawapresnya Mendaftar ke KPU pada 10 Agustus 2018,kompas.com
61,PAN Belum Tentukan Arah Koalisi Dalam Pilpres 2019,kompas.com
62,PKB Pastikan Tetap di Koalisi Jokowi Meski Cak Imin Tak Cawapres,kompas.com
63,Cawapres Prabowo Akan Dibahas dalam Forum Ketum Parpol Pendukung,kompas.com
64,"PPP: Ada Partai Mau Masuk, Dikasih Menteri, Habis Itu Enggak Jadi",kompas.com
65,"Soal Cawapres, Prabowo Minta GNPF Berikan Kesempatan Parpol Bermusyawarah",kompas.com
66,"GP Ansor Prediksi Pilpres 2019 Tanpa Substansi, Tanpa Narasi",kompas.com
67,Said Iqbal Sebut Prabowo Akan Daftar Capres ke KPU 10 Agustus,kompas.com
68,Ketua KPU Ingatkan Parpol Siapkan Dokumen Pendaftaran Capres-Cawapres dengan Baik,kompas.com
69,Cawapres Prabowo Mengerucut Jadi Dua Nama,kompas.com
70,"Malam Ini, Para Sekjen Partai Pengusung Jokowi Bahas Personel Tim Kampanye",kompas.com
71,"Jaring Aspirasi Daerah, PAN Tunda Rakernas Penentuan Capres-Cawapres",kompas.com
72,"Rapat Sekjen Parpol Pendukung Jokowi, dari Pemenangan hingga Nawa Cita II",kompas.com
73,Sekjen PSI: Nama Cawapres Jokowi Sudah di Ujung Lidah,kompas.com
74,"""Day to Day"" Menuju Pengumuman Cawapres Jokowi, Kemungkinan Rabu atau Kamis",kompas.com
75,"Disepakati, Struktur Tim Kampanye Jokowi untuk Pilpres 2019",kompas.com
76,"Malam Ini, Tim Sukses Jokowi Disebut Bakal Terbentuk",kompas.com
77,"Bahas Teknis Pencapresan Jokowi, Sekjen Partai Pengusung Gelar Pertemuan",kompas.com
78,Jokowi: Jangan Sampai Sesama Pendukung Tidak Rukun,kompas.com
79,PDI-P Nilai Pertemuan Cak Imin dengan Para Kiai Solidkan Jokowi di Pilpres 2019,kompas.com
80,"Jelang Pilpres 2019, Din Syamsudin Minta Ulama Kendalikan Diri",kompas.com
81,Nasdem: Cak Imin Serahkan Keputusan Cawapres kepada Jokowi,kompas.com
82,"Soal Manuver JK Ingin Kembali Jadi Wapres, Golkar Tunggu Putusan MK",kompas.com
83,Nasdem Anggap Pertemuan Jokowi-Prabowo Bisa Cegah Kemungkinan Perpecahan,kompas.com
84,Prabowo Sebut Pembahasan Cawapres Masih Cair,kompas.com
85,Begini Tata Cara Pendaftaran Capres dan Cawapres Menurut KPU,kompas.com
86,Ribuan Jamaah Nusantara Mengaji Doakan Cak Imin Jadi Cawapres,kompas.com
87,Din Syamsuddin Soal Pilpres 2019: Jangan Ada Politik Hitam Putih...,kompas.com
88,3 Kekuatan Anak Muda versi AHY,kompas.com
89,"Besok Malam, Sekjen Parpol Pendukung Jokowi Bertemu Bahas Tim Pemenangan",kompas.com
90,#JokowiKarwo Muncul Saat Demokrat Sedang Bangun Koalisi Lawan Jokowi,kompas.com
91,"Kata Mendagri, Wajar Jika Pendaftaran Capres dan Cawapres di Menit-menit Akhir",kompas.com
92,Ada Kemungkinan Uji Materi Masa Jabatan Wapres Diputus Sebelum Pendaftaran Capres,kompas.com
93,Munculnya Nama Salim Segaf Membuat PKS Mati-matian Incar Cawapres Prabowo,kompas.com
94,Wasekjen PKB: Koalisi Prabowo Enggak Ada Bentuknya,kompas.com
95,Jelang Pilpres 2019 Pertumbuhan Properti Jakarta Stagnan,kompas.com
96,Ketum PAN Hormati Masih Dibukanya Peluang Masuk ke Koalisi Jokowi,kompas.com
97,M Taufik Sebut Cawapres Prabowo Akan Diumumkan 6 Agustus ,kompas.com
98,Sekjen Partai Koalisi Usul agar Jokowi Daftar Capres Hari Jumat 10 Agustus,kompas.com
99,Sekjen PPP Sebut Tim Pemenangan Jokowi Baru Dibahas di Masing-masing Partai,kompas.com
100,Koalisi Prabowo Bentuk Dua Tim Kecil untuk Bahas Visi-Misi hingga Cawapres,kompas.com
101,"Gerindra: Koalisi Sepakat, Tak Ada Opsi Capres Selain Prabowo Subianto",kompas.com
102,PDI-P: Rakyat Bisa Bedakan Pemimpin Konsisten dan yang Suka Mengeluh,kompas.com
103,"Tawarkan Cawapres untuk Prabowo, PKS Dinilai Berupaya Dongkrak Suara",kompas.com
104,"Rabu Malam, Sekjen Gerindra, Demokrat, PKS, PAN Kumpul Bahas Koalisi",kompas.com
105,Bursa Cawapres Jokowi dan Prabowo Masih Terbuka Lebar,kompas.com
106,Wasekjen Demokrat Sebut Prabowo Minta SBY Jadi Mentor di Pilpres 2019,kompas.com
107,Prabowo Pastikan Hadir di Pertemuan Partai Koalisi pada Selasa Malam,kompas.com
108,"Pekan Depan, PAN Akan Pastikan Arah Koalisi Pada Pilpres 2019",kompas.com
109,"Aher: Saya Siap Jadi Kandidat Caleg DPR, Capres, Cawapres",kompas.com
110,"Menurut PPP, Keberadaan Demokrat di Koalisi Prabowo Bukan Ancaman",kompas.com
111,"Bertemu Sekjen Parpol Pendukung, Jokowi Akan Bahas Timses Pilpres 2019",kompas.com
112,"Antasari Azhar: Jokowi Harus Menang, Sudahilah Era yang Pernah Zalim",kompas.com
113,"SBY: Andai Dapat Amanah, yang Baik dari Pak Jokowi Kami Lanjutkan...",kompas.com
114,"Pilpres 2019, Akankah “Rematch” Jokowi-Prabowo?",kompas.com
115,SBY-Salim Segaf Nostalgia Kedekatan Demokrat dan PKS pada Pemilu 2014,kompas.com
116,SBY: Banyak yang Salah Persepsi tentang PKS...,kompas.com
117,PKS Bangga SBY Deklarasikan Prabowo Jadi Capres 2019,kompas.com
118,Demokrat-PKS Sepakat Tak Inginkan Tindakan Radikal dalam Pilpres 2019,kompas.com
119,Gus Sholah: Cawapres Jokowi Sebaiknya Orang Muda dan Berprestasi,kompas.com
120,"PKS Berharap Ada Kejelasan Koalisi dengan Gerindra, Demokrat, PAN",kompas.com
121,Pertemuan SBY-Prabowo Akan Bahas Pembentukan Koalisi Pilpres 2019,kompas.com
122,"Pilpres 2019, Presiden PKS Optimistis Cetak Sejarah seperti pada Pilkada DKI",kompas.com
123,Sandiaga Uno: Pak Prabowo itu Seorang Negarawan yang Memikirkan Bangsanya,kompas.com
124,"SBY-Prabowo Bertemu, Demokrat Pastikan Tak Ada Pengumuman Koalisi ",kompas.com
125,"8 atau 10 Agustus, Cawapres Jokowi Akan Diumumkan",kompas.com
126,"Minggu Malam, Prabowo-SBY akan Kembali Bertemu ",kompas.com
127,Kata Majelis Syuro PKS soal Kepentingan Partai-partai Koalisi di Pilpres 2019,kompas.com
128,"""Terserah AHY Mau Capres atau Cawapres, Kami Dukung""",kompas.com
129,"Dukung Jokowi, Mantan Cawagub Jabar Deklarasikan Gerakan #J2P",kompas.com
130,Mahfud MD Sebut Jokowi Tak Akan Bisa Diprovokasi soal Cawapres,kompas.com
131,"Ruhut: Kalau AHY Cuma Jadi Menteri, Mending Gabung sama Jokowi",kompas.com
132,"Jika Diperbolehkan UU, Kalla Yakin Digaet Lagi Jadi Cawapres Jokowi",kompas.com
133,Demokrat Lakukan Penjajakan dengan PKS soal Pilpres 2019,kompas.com
134,"Wasekjen PPP: Bukankah Elit Demokrat Bilang Siapapun Koalisinya, AHY Cawapres?",kompas.com
135,Golkar Yakin Jusuf Kalla Dukung Jokowi di Pilpres 2019,kompas.com
136,PAN Apresiasi Pertemuan SBY-Prabowo Jajaki Koalisi Pilpres 2019,kompas.com
137,INFOGRAFIK: Prabowo Subianto,kompas.com
138,"Parpol Masih Cair, Gatot Nurmantyo Optimistis Maju pada Pilpres 2019",kompas.com
139,"Survei I2: Tiga Cawapres Pendamping Jokowi Pilihan ""Netizen""",kompas.com
140,SBY Siap Kerja Sama dengan PAN dan PKS Hadapi Pilpres 2019,kompas.com
141,"SBY: Bagi Demokrat, Cawapres Bukan Harga Mati",kompas.com
142,SBY Mengaku Jalan Demokrat Berkoalisi dengan Jokowi Penuh Rintangan,kompas.com
143,SBY: Jalan untuk Koalisi Demokrat-Gerindra Terbuka Lebar,kompas.com
144,Gatot Nurmantyo Mengaku Ditawari Posisi Capres hingga Cawapres,kompas.com
145,"Datang Sebagai Ketua MPR, Zulkifli Sempatkan Bicara Politik dengan Jokowi",kompas.com
146,Kuasa Hukum: JK Jadi Pihak Terkait Gugatan UU Pemilu Bukan untuk Pribadi,kompas.com
147,Jusuf Kalla Ungkap Alasan Bersedia Dicalonkan Lagi Jadi Cawapres ,kompas.com
148,"Secara Logika Politik, Gatot Nurmantyo Merasa Tak Ada Peluang Maju Pilpres 2019",kompas.com
149,Fenomena Caleg Artis dan Transfer Politisi,kompas.com
150,"""Kemenangan Khofifah di Pilkada Jatim Membawa Simbol Jokowi""",kompas.com
151,"Soekarwo: Daripada Uang Pemerintah untuk Bayar Bunga, Lebih Baik untuk Rakyat Kecil...",kompas.com
152,Cerita di Balik Dukungan Demokrat Jatim untuk Jokowi di Pilpres 2019,kompas.com
153,"Punya Peluang Jadi Cawapres Jokowi, Cak Imin Akan Banyak Berdoa",kompas.com
154,"Pilpres 2019, Capres-Cawapres Harus Usung Tim Ekonomi yang Kuat",kompas.com
155,Pilpres 2019 Diharapkan Jadi Ajang Tarung Gagasan,kompas.com
156,"Jokowi: Cak Imin Banyak Membantu Saya, Terutama Kerja Politik",kompas.com
157,65 Elemen Relawan Jokowi Akan Gelar Rapat Umum Menangkan Pilpres 2019,kompas.com
158,Gerindra Akui JK Bisa Dongkrak Suara Jokowi di Pilpres 2019,kompas.com
159,Fahri Hamzah: Ada Peran Lain untuk Jusuf Kalla Selain Jadi Wapres Lagi,kompas.com
160,Siapa Lawan Berat Jokowi di Pilpres 2019?,kompas.com
161,"Pilpres 2019, Wagub Terpilih Maluku Utara Dukung Jokowi",kompas.com
162,Ketika Anies Merasa Terhormat Namanya Masuk Survei Pilpres...,kompas.com
163,Prabowo-SBY Agendakan Pertemuan Berikutnya untuk Bahas Pilpres 2019,kompas.com
164,Ketua DPP Demokrat Akui Pernah Simulasikan Peluang Kemenangan Prabowo,kompas.com
165,Prabowo dan SBY Akan Bicarakan Kembali Kemungkinan Koalisi,kompas.com
166,Para Penggugat Presidential Threshold Äjak Publik Coblos di Luar Kotak,kompas.com
167,"Kini, Jusuf Kalla Bersedia Kembali Dampingi Jokowi di Pilpres 2019, asal...",kompas.com
168,"Belum Deklarasi Pencapresan Prabowo bersama PAN-PKS, Ini Kata Gerindra",kompas.com
169,Demokrat Tak Khawatir Ditinggal Gerbong Koalisi meski Belum Putuskan Sikap ,kompas.com
170,"Jadi Kandidat Cawapres dari PKS, Aher Mulai Keliling Jawa dan Sumatera",kompas.com
171,"Relawan ""Join"" Mengaku Tak Masalah Andai Cak Imin Tak Jadi Cawapres Jokowi",kompas.com
172,"Nama Cak Imin Disebut Jokowi, Relawan ""Join"" Rasakan Energi Kemenangan",kompas.com
173,Anies Mengaku Tak Ada Tawaran Maju Pilpres 2019 ,kompas.com
174,PSI Dukung Mahfud MD Jadi Cawapres Jokowi,kompas.com
175,Sandiaga: Demokrat Ingin AHY Dapat Tempat di Koalisi Gerindra ,kompas.com
176,"Presiden PKS: Belum Ada ""Agreement"" Usung Prabowo sebagai Capres",kompas.com
177,INFOGRAFIK: 7 Kandidat Cawapres Pendamping Prabowo Subianto,kompas.com
178,Gerindra: PAN dan PKS Sepakat Usung Prabowo Sebagai Capres,kompas.com
179,"Prabowo, Sohibul, Zulkifli, dan Amien Rais Bertemu, Bahas Koalisi Pilpres 2019",kompas.com
180,Menanti Dibukanya Keran Ambang Batas Pencalonan Presiden..,kompas.com
181,Tak Ada Makan Siang yang Gratis bagi Prabowo,kompas.com
182,"Politik Identitas Akan Tetap Eksis di Pemilu 2019, Masyarakat Jangan Mudah ""Baper""",kompas.com
183,PDI-P Berharap Partai Koalisi Tak Kecewa jika Kadernya Tak Jadi Cawapres,kompas.com
184,"Pastikan Koalisi Jokowi Solid, PPP Yakin Keinginan Demokrat Tak Akan Terjadi",kompas.com
185,"Usung AHY Sebagai Cawapres, Demokrat Bantah Hadang Kader Potensial Lain",kompas.com
186,PKB Kritik Koalisi Pendukung Jokowi yang Tak Transparan Bahas Cawapres,kompas.com
187,Demokrat Pastikan Tidak Netral di Pilpres 2019,kompas.com
188,Wasekjen: PKB Itu Paling Konsisten dalam Koalisi,kompas.com
189,Cak Imin Mengaku Sempat Bertemu PKS dan PAN Bahas Pilpres 2019,kompas.com
190,"Cak Imin: Kalau Bukan Jokowi-Muhaimin, Bahaya...",kompas.com
191,"Pilpres 2019, Muhaimin Belum Pastikan Dukungan PKB Solid ke Jokowi",kompas.com
192,Roy Suryo Curiga Ada Sesuatu di Balik Dukungan Kepala Daerah untuk Jokowi,kompas.com
193,"Soal Capres-Cawapres, PAN Akan Tentukan Dukungan Jelang ""Injury Time""",kompas.com
194,Politisi PKS Prediksi PKB Akan Gabung Koalisi Pendukung Prabowo,kompas.com
195,"Airlangga Bertemu SBY, Puan Yakin Golkar Tak Akan Tinggalkan Koalisi",kompas.com
196,Sekjen PPP: Koalisi Parpol Pendukung Jokowi Akan Segera Final,kompas.com
197,Jokowi: Mbok Sabaaarrr....,kompas.com
198,Wacana Anies Baswedan Maju Pilpres 2019 Belum Dibahas Majelis Syuro PKS,kompas.com
199,PKS Sebut Kecil Kemungkinan Pecah Kongsi dengan Gerindra,kompas.com
200,"Syarat Cawapres Jokowi, dari ""Chemistry"" hingga Faktor Elektoral",kompas.com
201,"Dukung Jokowi pada Pilpres 2019, TGB Siap Hadapi Berbagai Risiko",kompas.com
202,Prabowo Akan Segera Deklarasikan Koalisi Pilpres 2019,kompas.com
203,Politisi Gerindra Beri Sinyal Tetap Ingin Berkoalisi dengan PKS,kompas.com
204,Ketua DPR: Hasil Pilkada 2018 Tak Bisa Jadi Barometer di Pilpres 2019,kompas.com
205,Jokowi Harus Pilih Cawapres yang Diterima Semua Parpol Pendukung,kompas.com
206,Kubu Penguasa dan Kubu Oposisi Dinilai Masih Galau dalam Penentuan Capres-Cawapres Ideal,kompas.com
207,Posisi Jokowi Dinilai Lebih Rumit dalam Menghadapi Pilpres 2019,kompas.com
208,Empat Harapan Publik dalam Pilpres 2019,kompas.com
209,"Bertemu Ketum Golkar, Demokrat Bicarakan Pilkada dan Pilpres",kompas.com
210,Golkar: Penentuan Cawapres Jokowi Harus Perhatikan Keinginan Mitra Koalisi,kompas.com
211,Ulama Muda Indonesia Deklarasi Dukung Jokowi di Pilpres 2019,kompas.com
212,Politisi PAN: Duet Prabowo-AHY Akan Sulit Terwujud,kompas.com
213,PAN Tawarkan Empat Opsi Capres-Cawapres Kepada Gerindra,kompas.com
214,"Kata Moeldoko, Ada 4 Syarat Untuk Jadi Cawapres Jokowi ",kompas.com
215,Akankah Surya Paloh Dorong Abraham Samad Jadi Cawapres Jokowi?,kompas.com
216,"Survei LSI: Prabowo, Gatot dan Anies, Jadi Lawan Tangguh Jokowi di Pilpres 2019",kompas.com
217,Abraham Samad Berniat Maju di Pilpres 2019,kompas.com
218,Pertemuan Zulkifli Hasan dan Anies Baswedan Juga Bicarakan Peluang Capres-Cawapres,kompas.com
219,Rapat Majelis Tinggi Belum Putuskan Arah Koalisi Demokrat dalam Pilpres 2019,kompas.com
220,Nasdem Tunggu Undangan Jokowi Bicara soal Nama Cawapres ,kompas.com
221,Mungkinkah Calon Tunggal di Pilpres 2019? - ROSI,kompas.com
222,"""Anies Selesaikan Dulu Saja Urusan di DKI, Kenapa Buru-buru Nyapres?""",kompas.com
223,"Suara Asyik Jadi Modal PKS, Gerindra, dan PAN di Pilpres 2019",kompas.com
224,"""Bagusnya Anies Tidak Nyapres Dulu, Jangan seperti Gubernur Lalu...""",kompas.com
225,PKS: Koalisi Lebih Setuju Usung Anies Jadi Capres,kompas.com
226,Moeldoko Tegaskan Tak Ingin Berspekulasi Terkait Pencalonannya di Pilpres,kompas.com
227,Prabowo Masih Lakukan Diskusi soal Cawapresnya di Pilpres 2019,kompas.com
228,"Jokowi: Cawapres Sudah Ada, Tinggal Diumumkan",kompas.com
229,Partai Politik Harus Pertimbangkan Elektabilitas Capres dan Cawapres,kompas.com
230,"AHY Digadang Akan Jadi Cawapres, Apa Kata Prabowo?",kompas.com
231,TGB: Pilpres 2019 Itu Bukan Perang Badar  ,kompas.com
232,Pengamat: Setidaknya Ada 4 Penantang Jokowi dalam Pilpres 2019,kompas.com
233,Prabowo Sempat Ingin Pinang Sandiaga Jadi Cawapres karena Mewakili Generasi Muda,kompas.com
234,Prabowo Juga Lirik AHY Jadi Cawapres,kompas.com
235,"Prabowo-AHY Punya Peluang dalam Pilpres 2019, cuma...",kompas.com
236,"Prabowo Disebut Telah ""Kantongi"" Nama Anies dan AHY",kompas.com
237,TGB Sebut Dukungan ke Jokowi Tak Terkait Pemeriksaan KPK dan Jabatan,kompas.com
238,Relawan Deklarasikan Anies Sebagai Capres di Pilpres 2019,kompas.com
239,Anies Tanggapi Aspirasi agar Maju di Pilpres 2019,kompas.com
240,Triwisaksana: Sayang kalau Anies Harus Naik ke Pentas Nasional,kompas.com
241,Arah Dukungan Golkar dan PKB pada Pilpres 2019,kompas.com
242,"AHY yang Masih Sepi ""Peminat""...",kompas.com
243,AHY Dinilai Lebih Tepat untuk Diusung SBY pada Pilpres 2024,kompas.com
244,Emil Dardak Sebut Demokrat Tak Masalah Khofifah Dukung Jokowi,kompas.com
245,Gerindra Optimistis Demokrat Akan Berkoalisi Dukung Prabowo di Pilpres 2019,kompas.com
246,"Bertemu SBY, Zulkifli Akui Bahas Sejumlah Nama untuk Pilpres",kompas.com
247,"Syarief Hasan Temui Prabowo, Bawa Pesan SBY soal Pilpres",kompas.com
248,"Bertemu Jokowi di Istana, Bupati Ini Nyatakan Dukungan di Pilpres 2019",kompas.com
249,"Anies: Soal Capres Itu Urusan Ketum Parpol, Saya Urusannya Jakarta",kompas.com
250,Muhammadiyah: Bangsa Jangan Pecah karena Beda Pilihan Politik,kompas.com
251,Ketum Golkar Sebut Jusuf Kalla Pasti Dukung Jokowi pada Pilpres 2019,kompas.com
252,Jusuf Kalla yang Tak Gampang Dirayu...,kompas.com
253,"Suara Asyik Melejit, PKS Sebut Aher Potensial Maju Pilpres 2019",kompas.com
254,Romahurmuziy: Anies Lakukan Pendekatan ke Jokowi untuk Pilpres 2019,kompas.com
255,Jusuf Kalla Tolak Tawaran Demokrat Duet Bareng AHY di Pilpres 2019,kompas.com
256,"""Pak JK Itu Punya Jiwa Dagang yang Kuat..""",kompas.com
257,"Jelang Pilpres 2019, Kalla dan Anies Semakin Mesra...",kompas.com
258,Sekelompok Pemuda Deklarasikan Dukungan Anis-Muhaimin di Pilpres 2019,kompas.com
259,Tagar #2019GantiPresiden yang Masif dan Perlawanan Relawan Jokowi...,kompas.com
260,Ketum PPP Nilai Duet JK-AHY untuk Pilpres 2019 Tak Punya Prospek,kompas.com
261,"Siapa Pun Cawapresnya, PPP Tetap Dukung Jokowi di Pilpres 2019",kompas.com
262,Zulkifli Hormati Keinginan PKS Usung Anies Baswedan di Pilpres 2019,kompas.com
263,Ini Alasan Demokrat Tak Bergabung dengan Koalisi Pendukung Jokowi....,kompas.com
264,Hasil Pilkada Disebut Jadi Modal Kuat Bagi Jokowi Menuju Pilpres,kompas.com
265,Jusuf Kalla Tegaskan Dukungannya untuk Jokowi di Pilpres 2019,kompas.com
266,Sandiaga: Banyak Harapan Prabowo-Anies Berpasangan pada Pilpres 2019,kompas.com
267,Irjen Setyo: Polri Siap Amankan Pemilu & Pilpres 2019,kompas.com
268,"""Demokrat Kali Ini Akan Mengusung Presiden dan Calon Wakil Presiden""",kompas.com
269,"Ada Asian Games dan Persiapan Pemilu, Kapolri Minta Warga Sulteng Jaga Perdamaian ",kompas.com
270,Fadli Zon: Prabowo Akan Dapat Dukungan Lebih Kuat di Pilpres 2019,kompas.com
271,"Berkaca dari Pilkada 2018, Oposisi Mulai Menyaingi Kekuatan Koalisi Pemerintah",kompas.com
272,Khofifah Mengaku Hanya Akan Mendukung Jokowi di Pilpres 2019,kompas.com
273,"Jadi Jubir Jokowi di Pilpres 2019, Khofifah Bilang ""Siap Kalau Ditunjuk""",kompas.com
274,Gatot Nurmantyo Masih Tutup Rapat soal Peluangnya Ikut Pilpres 2019,kompas.com
275,Opsi JK-AHY di Pilpres 2019 Akan Sulit Terwujud,kompas.com
276,Bambang Soesatyo Yakin Opsi JK-AHY di Pilpres 2019 Tak Akan Terwujud,kompas.com
277,Bambang Soesatyo Berharap SBY Dukung Jokowi di Pilpres 2019,kompas.com
278,Pertemuan Zulkifli-Prabowo dan Sinyal Koalisi di Pilpres 2019,kompas.com
279,HNW Sebut Ada Wacana Pasangan Anies-Aher pada Pilpres 2019,kompas.com
280,"PKS: Jokowi dan PSI Juga Galang Dana, Kenapa Prabowo Kini Diributkan?",kompas.com
281,PKS Sebut Ahmad Heryawan Cawapres Terkuat di Partai,kompas.com
282,"Prabowo dan Zulkifli Hasan Bertemu, Bahas Kemungkinan Koalisi di Pilpres 2019",kompas.com
283,Penggalangan Dana Politik oleh Gerindra dan Dugaan Menipisnya Modal Prabowo,kompas.com
284,Sandiaga: Gerindra sebagai Partai Oposisi Sulit Menggalang Dukungan dari Pengusaha Besar,kompas.com
285,Kata Sandiaga soal Kemungkinan Gerindra Berkoalisi Dukung Amien Rais,kompas.com
286,Avanza Meluncur Setelah Pilpres 2019,kompas.com
287,Biem Benyamin Klaim Direstui Gerindra Deklarasikan Prabowo-Anies untuk Pilpres 2019,kompas.com
288,Sohib Bang Biem Deklarasi Prabowo-Anies untuk Pilpres 2019,kompas.com
289,Kaum Muda Semarang Sodorkan Nama Gatot-Zulkifli pada Pilpres 2019,kompas.com
290,Demokrat: Pertemuan SBY-Zulkifli Hasan Bahas Pilpres 2019,kompas.com
291,"Zulkifli Hasan Bertemu Aburizal Bakrie, Bahas Pileg dan Pilpres 2019",kompas.com
292,Realisasi Gedung 80 Lantai di Mangkuluhur City Tunggu Pilpres 2019,kompas.com
293,PDI-P: Belum Ada Calon yang Kelihatan Akan Bertanding Melawan Pak Jokowi,kompas.com
294,Habibie dan Pilpres 2019,kompas.com
295,Manuver Abraham Samad untuk Maju Pilpres 2019 dan Kisahnya pada 2014,kompas.com
296,"Pilpres 2019, Presiden PKS Ajukan Nama Abraham Samad ke Majelis Syuro",kompas.com
297,Politik Identitas dan Isu Negatif Diprediksi Menguat pada Pilpres 2019,kompas.com
298,Fadli Zon Resmikan Posko Pemenangan Prabowo Subianto di Solo,kompas.com
299,Nawacita Jokowi Dinilai Rentan Diserang Oposisi Jelang Pilpres 2019,kompas.com
300,"Survei Charta Politika: Elektabilitas Jokowi 51,2 Persen, Prabowo 23,3 Persen",kompas.com
301,"Setelah Ada Kritik soal BBM, Kader Demokrat Minta SBY Menjauh dari Jokowi",kompas.com
302,"Jajaki Koalisi Pilpres 2019, Sandiaga dan AHY Jalankan ""Komunikasi Nasi Langgi""",kompas.com
303,AHY dan Sandiaga Bertemu Jajaki Koalisi Pilpres 2019,kompas.com
304,"Jokowi Sebut Romy Layak Jadi Cawapres, PKB Anggap Cak Imin yang Terbaik",kompas.com
305,"Jika Ada Pelanggaran Kampanye Saat Debat Pilkada, Bawaslu Akan Beri Sanksi",kompas.com
306,Fadli Zon Curiga Tambahan Empat Stafsus Presiden Terkait Pilpres 2019,kompas.com
307,Jokowi: Romahurmuziy Cocok Jadi Cawapres...,kompas.com
308,"Gatot Nurmantyo Mengaku Telah Bertemu SBY, Prabowo, dan Megawati",kompas.com
309,Gatot Nurmantyo Yakin Dapat Tiket Maju sebagai Capres,kompas.com
310,"Muncul PPP Kubu Khittah, Romy Mengaku Tak Khawatir",kompas.com
311,Zulkifli Hasan Sebut Gatot Nurmantyo Capres,kompas.com
312,Romi Mengaku Tak Akan Galau jika Tidak Dipilih Sebagai Cawapres oleh Jokowi,kompas.com
313,Aksi Intelijen di Hari Bebas Kendaraan Bermotor?,kompas.com
314,"Sandiaga Sebut Indonesia Inginkan ""Rematch"" Prabowo-Jokowi di Pilpres 2019",kompas.com
315,Romy: PKB Akan Kehilangan 4 Menteri Jika Tak Usung Jokowi,kompas.com
316,"Hari Minggu, Megawati-Airlangga Akan Bertemu Bahas Pilkada hingga Pilpres",kompas.com
317,Bawaslu Ingatkan Publik untuk Jaga Suhu Politik Jelang Pilpres 2019 ,kompas.com
318,AHY Mengaku Lebih Memilih Fokus Hadapi Pilpres 2019,kompas.com
319,"Survei Indikator: Elektabilitas Jokowi 60,6 Persen, Prabowo 29 Persen",kompas.com
320,Surya Paloh: SARA Masih Jadi Komoditas Jelang Pemilu,kompas.com
321,"Bara JP: Kalau Pendukung Jokowi Tak Hargai Beda Pilihan, Kami Tegur",kompas.com
322,Dukungan Bersyarat KSPI yang Buat Prabowo Makin Mantap Jadi Capres...,kompas.com
323,"Dapat Dukungan Buruh KSPI, Prabowo Nyatakan Siap Maju Pilpres 2019",kompas.com
324,Sembako Bantuan Presiden Jelang Pemilu,kompas.com
325,Dukungan Bersyarat KSPI untuk Prabowo pada Pilpres 2019...,kompas.com
326,"Dukung Prabowo Maju Pilpres 2019, KSPI Merasa Independen, tapi Tak Netral",kompas.com
327,Prabowo Harus Teken Kontrak Politik untuk Didukung KSPI dalam Pilpres 2019,kompas.com
328,"""May Day"", KSPI Akan Deklarasi Dukung Prabowo Maju Pilpres 2019",kompas.com
329,"Jelang Pilpres 2019, Relawan Nusantara Jokowi Targetkan Raih 50 Juta Suara",kompas.com
330,"Tanggapan UMJ soal Beredarnya Foto Pamflet ""Prabowo Presiden"" di Acara Wisuda",kompas.com
331,Fadli Zon Sebut PAN Bakal Merapat ke Gerindra Usung Prabowo,kompas.com
332,Amien Rais Sebut PAN Belum Pertimbangkan Usung Gatot Nurmantyo sebagai Capres,kompas.com
333,"Bagi PDI-P, Jusuf Kalla Figur Ideal Dampingi Jokowi pada Pilpres 2019",kompas.com
334,"Merasa Lebih Tahu Partai dari Zulkifli Hasan, Amien Rais Yakin PAN Dukung Prabowo",kompas.com
335,"Bertemu Fadli Zon di DPR, Amien Rais Bahas ""Rematch"" Jokowi-Prabowo",kompas.com
336,Fadli Zon: Kami Dengar Sayup-sayup Aher Calon Kuat Pendamping Prabowo,kompas.com
337,"Cak Imin: ""Emang"" Ada Partai yang Dukung Gatot Nurmantyo Maju?",kompas.com
338,"Dapat Dukungan, Gatot Nurmantyo Bangga karena Tidak Kenal Para Relawan",kompas.com
339,Amien Rais: Jangan Menggunakan KPK untuk Menghantam Lawan Politik,kompas.com
340,"Pengamat: Pilpres 2019, Tak Mungkin Parpol Usung Calon Non-Partai",kompas.com
341,Amien Rais: Buat Saya Poros Ketiga Hampir Mustahil,kompas.com
342,"Di Posisi Teratas Cawapres Jokowi, JK Bilang Ingin Istirahat",kompas.com
343,"Gerindra: Amanah Rakornas, Prabowo Capres, Bukan Cawapres",kompas.com
344,"""Kalau Gerindra Dibeginikan Terus, Sama Saja Membangunkan Macan Tidur... """,kompas.com
345,"Gatot: Apabila Republik Memanggil dan Rakyat Berkehendak, Saya Siap Jadi Presiden",kompas.com
346,"PAN: Kalau Gatot Nurmantyo Ingin Jadi Kader, Kami Senang Sekali",kompas.com
347,Demokrat: Kami Masih Menjajaki Segala Kemungkinan pada Pilpres 2019,kompas.com
348,PKB Sebut Elektabilitas Jokowi-Prabowo Jadi Pertimbangan Arah Dukungan,kompas.com
349,Nasdem Nilai Banyak yang Ingin Jokowi Jadi Presiden Dua Periode,kompas.com
350,"Relawan JOSS"" Dukung Menteri Susi Jadi Cawapres bagi Jokowi",kompas.com
351,Politisi PDI-P Nilai Elektabilitas Jokowi Naik karena Kerja Nyata,kompas.com
352,Fadli Zon Yakin Elektabilitas Prabowo Naik Setelah Rakornas Gerindra,kompas.com
353,Sekjen PPP Anggap Jokowi Belum Dijamin Menang Pilpres 2019 meski Elektabilitas Naik,kompas.com
354,Fadli Zon Tetap Yakin Prabowo Jadi Presiden meski Elektabilitas Turun,kompas.com
355,"""Behind the Scene"" Lobi-lobi Memasangkan Prabowo Jadi Cawapres Jokowi",kompas.com
356,Saat Rizal Ramli dan Sandiaga Bahas Pilpres 2019 di Kafe Balai Kota,kompas.com
357,Generasi Muda Milenia Dukung Gatot Maju di Pilpres 2019,kompas.com
358,"Deklarasi Maju Pilpres 2019, Anis Matta Ingin Duet dengan Prabowo",kompas.com
359,"""Jika Prabowo 'King Maker', Pendukung Fanatiknya Belum Tentu Mau Milih""",kompas.com
360,"Rizal Ramli: Jadi Presiden, Saya akan Tangkap 100 Orang Paling Berengsek",kompas.com
361,PKS Sambut Baik Gagasan Memunculkan Poros Ketiga pada Pilpres 2019,kompas.com
362,Rachmawati Soekarnoputri: Dari Dulu Saya Memang Tukang Kritik,kompas.com
363,SBY Akan Bertemu Presiden PKS Bahas Pilpres 2019,kompas.com
364,"""Prabowo Tak Punya Banyak Pilihan, Mau Tak Mau Pasangannya dari PKS""",kompas.com
365,Gerindra Sebut Ada Partai Hijau yang Bakal Merapat,kompas.com
366,"Prabowo Sering Ajak Anies ""Ngobrol"", tetapi Bukan soal Cawapres...",kompas.com
367,"Soal Cawapres, PKS Tak Mau Dianggap Memaksa Prabowo",kompas.com
368,"Jika Tak Ada Kejutan, Pilpres 2019 Diprediksi Akan Membosankan",kompas.com
369,"13 Mei, PKS Akan Umumkan Keputusan Resmi Terkait Pilpres 2019",kompas.com
370,Sandiaga Uno Temui Petinggi PKS Bahas Cawapres untuk Prabowo,kompas.com
371,Mahfud MD Ogah Kembali Jadi Tim Sukses Prabowo pada Pilpres 2019,kompas.com
372,Saat Jokowi dan Airlangga Lihat Motor Modifikasi Berwarna Kuning...,kompas.com
373,Ahmad Heryawan Berpotensi Jadi Cawapres Prabowo,kompas.com
374,"""Jangan Jadikan Isu Agama sebagai Bahan Politik Semata""",kompas.com
375,PDI-P: Kerja Sama Politik Tidak Hanya untuk Cawapres,kompas.com
376,"Demokrat: Banyak yang Tak Suka Jokowi, tapi Tidak Mau Pilih Prabowo",kompas.com
377,"Kata Fadli Zon, Tak Ada Kendala Logistik untuk Menangkan Prabowo",kompas.com
378,"Prabowo Diberitakan Minta 7 Kursi Kabinet jika Jadi Cawapres Jokowi, Gerindra Sebut Hoaks",kompas.com
379,"Pemilu Internal PKS, Suara Aher Paling Tinggi",kompas.com
380,Rizal Ramli: Terima Kasih Jokowi Telah Memecat Saya...,kompas.com
381,Gerindra Siapkan Sanksi untuk Kader Tak Setuju Pencapresan Prabowo,kompas.com
382,"Wacana Jokowi-Prabowo pada Pilpres 2019, Ketum Golkar Enggan Komentar",kompas.com
383,Elite Parpol Seharusnya Beri Penyataan Rasional jika Ingin Gaet Pemilih,kompas.com
384,Relawan: Duet Jokowi-Prabowo dalam Pilpres 2019 Sulit Terealisasi,kompas.com
385,Di Balik Pertemuan Luhut dan Prabowo,kompas.com
386,Mungkinkah Duet Jokowi-Prabowo?,kompas.com
387,"Di Solo, Jagad Deklarasi Dukungan Gatot Nurmantyo sebagai Capres",kompas.com
388,"Jika Maju Pilpres, Gatot-Cak Imin Diharap Fokuskan Ekonomi Kerakyatan",kompas.com
389,Alasan Forum Komunikasi Ustazah Dukung Gatot - Cak Imin Maju Pilpres 2019,kompas.com
390,"Memprediksi ""Rematch"" Jokowi-Prabowo di Pilpres 2019",kompas.com
391,"Jokowi Vs Prabowo di Pilpres 2019, PSI Berharap Tak Ada Hoaks dan Fitnah",kompas.com
392,Gerindra Pastikan Pencalonan Prabowo pada Pilpres 2019 Tak Terganjal Logistik,kompas.com
393,Gerindra Yakin Prabowo Tak Kesulitan Hadapi Jokowi pada Pilpres 2019,kompas.com
394,KPU dan KY Akan Teken MoU Pengawasan Proses Sengketa Pemilu 2019,kompas.com
395,"""Saya Sering Sebut Gerindra Ini Prabowo Fans Club...""",kompas.com
396,3 Faktor Ini Membuat Prabowo Belum Pasti Maju Pilpres 2019,kompas.com
397,Idrus Marham Nilai Jokowi Perlu Tuntaskan Program Kerjanya Dua Periode,kompas.com
398,Sikap Final PAN soal Capres Diputuskan pada Rakernas 2018,kompas.com
399,Presiden PKS Akan Berjuang agar Kadernya Digandeng Prabowo Subianto,kompas.com
400,"Prabowo Jadi Capres, Ketum PPP Yakin Jokowi Menang Lebih Mudah",kompas.com
401,Koalisi Pendukung Jokowi Susun Strategi Hadapi Prabowo dalam Pilpres 2019,kompas.com
402,Prabowo Dinilai Perlu Cawapres yang Mampu Mencuri Suara Jokowi,kompas.com
403,"""Saat Jokowi Bukan Siapa-siapa Saja, Prabowo Tak Dapat Mengalahkannya""",kompas.com
404,"Pilpres 2019, Poros Ketiga Dinilai Makin Sulit Terbentuk",kompas.com
405,PAN Akui Lebih Dekat dengan Gerindra ,kompas.com
406,Gerindra Beri Mandat Prabowo Maju sebagai Capres,kompas.com
407,"Hadir di Rakornas, PAN dan PKS Diminta Berkoalisi Dukung Prabowo",kompas.com
408,"Di Rakornas, Ketua DPP Gerindra Sebut Prabowo Tak Galau soal Capres",kompas.com
409,Prabowo Tak Maju Pilpres 2019 Dinilai Bisa Rugikan Gerindra,kompas.com
410,"Akbar Tandjung: Siapkan Tokoh, Jangan Hanya #2019GantiPresiden",kompas.com
411,"Soal Manuver Cak Imin, Airlangga Sebut PKB Belum Resmi Dukung Jokowi",kompas.com
412,Bawaslu Anggap Gerakan #2019GantiPresiden Bukan Kampanye Hitam ,kompas.com
413,Bawaslu Larang Jokowi Bagi-bagi Sepeda Saat Kampanye Pilpres 2019,kompas.com
414,"Cak Imin Tawarkan Diri Jadi Cawapres Jokowi, Ini Kata PDI-P",kompas.com
415,"Ulama Jabar: Jokowi Bilang, ""Andai Ulama Dukung, Saya Siap Nyapres""",kompas.com
416,Cak Imin: PKB Resmi Dukung Jokowi-Muhaimin di Pilpres 2019,kompas.com
417,"Siap-siap Pilpres 2019, Cak Imin Resmikan Posko JOIN, Jokowi-Muhaimin",kompas.com
418,"Internal Gerindra Terbelah, Fadli Tegaskan Prabowo Maju Jadi Capres 2019",kompas.com
419,"Meski Hanya Bersama Gerindra, PKS Yakin Menang Lawan Koalisi Jokowi",kompas.com
420,Sikap PAN pada Pilpres 2019 Ditentukan dalam Rakernas Bulan Depan,kompas.com
421,Fadli Zon: Deklarasi Prabowo Jadi Capres 2019 Masih Perlu Konsolidasi,kompas.com
422,Demokrat Genjot Elektabilitas AHY untuk Pilpres 2019,kompas.com
423,Luhut Bilang Bertemu Prabowo Bukan Sebagai Utusan Jokowi,kompas.com
424,Komentar Presiden PKS soal Dukungan terhadap Anies di Pilpres 2019,kompas.com
425,Luhut Senang jika Prabowo Kembali Maju Pilpres Lawan Jokowi,kompas.com
426,Luhut: Saya Enggak Pernah Mendorong Prabowo Maju pada Pilpres 2019,kompas.com
427,Surya Paloh Merasa Sudah Tua dan Sudah Terlambat Ikut Pilpres,kompas.com
428,"PDI-P Yakin, Jokowi Tak Akan Lawan Kotak Kosong pada Pilpres 2019",kompas.com
429,PDI-P Anggap Kabar Dua Parpol Akan Dukung Jokowi Hasil Lobi Koalisi,kompas.com
430,"Kader PDI-P: Kami ""Matching"" Banget dengan Golkar",kompas.com
431,Sandiaga: Gerindra Serap Aspirasi Tokoh Agama Sebelum Deklarasi Capres,kompas.com
432,"Bertemu TGB, Mahfud MD Bicara soal Pilpres 2019",kompas.com
433,Menakar Kriteria Ideal Cawapres Jokowi,kompas.com
434,"Kata Sandiaga, Gerindra Tak Ingin Hanya Dengar Suara Elite soal Pilpres 2019",kompas.com
435,Relawan GNR Dukung Gatot Nurmantyo sebagai Calon Presiden di Pilpres 2019,kompas.com
436,Pendukung Gatot Nurmantyo Klaim Sudah Bangun Jaringan Relawan di 19 Provinsi,kompas.com
437,Demokrat: Zaman Pak SBY Pesawat Kepresidenan Tak Dipakai Kampanye,kompas.com
438,"Kemendagri Ingatkan KPU Urus Negara Harus Sesuai Sistem, Bukan Hanya Niat Baik",kompas.com
439,Mengapa Logo Parpol Baru Tak Ada dalam Surat Suara Pilpres 2019?,kompas.com
440,Demokrat Masih Bahas Rencana Pembentukan Poros Ketiga di Pilpres 2019,kompas.com
441,Dilema Prabowo Subianto Menuju Pilpres 2019...,kompas.com
442,PPP Yakin Tidak Ada Poros Ketiga Saat Pilpres 2019,kompas.com
443,Romahurmuziy: SBY Berikan Sinyal Dukung Jokowi pada Pilpres 2019,kompas.com
444,Prabowo Tak Akan Deklarasi sebagai Capres di Rakornas Partai Gerindra,kompas.com
445,Demokrat Bakal Tentukan Sikap di Pilpres 2019 Usai Pilkada,kompas.com
446,"Jika Ingin Bertarung di 2019, Gatot Nurmantyo Perlu Bangun Citra Baru",kompas.com
447,Hinca Bantah SBY Putuskan untuk Merapat ke Jokowi di Pilpres 2019,kompas.com
448,"Prabowo Subianto Belum Deklarasi Capres karena Belum Punya ""Tiket""",kompas.com
449,Gerindra Bantah Pencapresan Prabowo Terganjal Urusan Logistik,kompas.com
450,"Gatot Melejit, Ada Faktor Kerinduan Masyarakat hingga Kekuatan Finansial Politik",kompas.com
451,PPP Tak Sepakat jika Pesawat Kepresidenan Dipakai Kampanye,kompas.com
452,"""Prabowo Seorang Petarung, Lebih Percaya Intuisi Politiknya daripada Hasil Survei""",kompas.com
453,PPP Nilai Gatot Belum Tentu Tarik Pemilih Muslim jika Jadi Cawapres Jokowi,kompas.com
454,"Ketimbang Gatot, Anies Dinilai Lebih Berpeluang Jadi Cawapres Prabowo",kompas.com
455,"Soal Presiden Gunakan Pesawat Kepresidenan Saat Kampanye, Ini Kata KPU",kompas.com
456,Melejitnya Nama Gatot Nurmantyo Dinilai Membuat Prabowo Gundah ,kompas.com
457,"Pilpres 2019, Capres Dinilai Tak Bisa Maju dengan Modal ""Sandal Jepit""",kompas.com
458,"Baru Purna Tugas, Profil Gatot Normantyo Tayang di Videotron Malang",kompas.com
459,"Gatot Dinilai Figur Alternatif Menarik di 2019, tetapi Belum Punya Tiket",kompas.com
460,"PKS Sebut jika Prabowo Tak Maju, Anies Layak Jadi Capres",kompas.com
461,"Effendi Gazali: Prabowo Galau, Sedang di Bawah Tekanan",kompas.com
462,AHY Sebut Jokowi dan Prabowo Belum Aman untuk Pilpres 2019,kompas.com
463,Indo Barometer: Jokowi Capres yang Paling Banyak Dipilih di Jawa Timur,kompas.com
464,Jokowi Pertimbangkan Semua Nama yang Muncul sebagai Bakal Cawapres,kompas.com
465,KPU Akan Beri Sanksi Pasangan Capres dan Cawapres yang Tidak Hadir Debat,kompas.com
466,PKS Mengaku Sudah Ada Pembicaraan untuk Bertemu Gatot Nurmantyo,kompas.com
467,Indo Barometer: Peluang Gatot Nurmantyo sebagai Capres Kecil,kompas.com
468,Tim Pemenangan Prabowo Subianto Bahas Figur Cawapres,kompas.com
469,PPP Nilai Pernyataan Prabowo soal Elite Bagian dari Strategi Jelang 2019,kompas.com
470,PPP: Pernyataan Prabowo soal Elite Berpotensi Bikin Gaduh,kompas.com
471,PAN Sambut Baik Masuknya Nama Gatot Nurmantyo di Bursa Capres-Cawapres Jelang 2019,kompas.com
472,Menanti Langkah Politik Gatot Nurmantyo Setelah Resmi Pensiun...,kompas.com
473,Ini Alasan Mendagri Selalu Menolak Bahas Capres dan Cawapres Pilpres 2019,kompas.com
474,Golkar Targetkan 65 Persen untuk Kemenangan Jokowi di Pilpres 2019,kompas.com
475,Politisi PKB Ingatkan Jokowi Ancaman Poros Ketiga pada Pilpres 2019,kompas.com
476,"Politisi PKB: Kalau Jokowi Bisa Dua Periode, Kenapa Mesti Diganti",kompas.com
477,"Buya Syafii Sarankan Jokowi Cari Cawapres Negarawan, Bukan Politisi",kompas.com
478,"Soal Kemungkinan Jadi Capres atau Cawapres, Ini Kata Gatot Nurmantyo",kompas.com
479,"Gatot Nurmantyo: Prabowo Bukan Ragu, tetapi Belum Putuskan ""Nyapres""",kompas.com
480,Gubernur NTB: Sambut Pilpres dengan Sukacita daripada Hanya Bicara Jokowi atau Prabowo,kompas.com
481,"Pilkada 2018, Pilpres 2019, dan Demokrasi Indonesia",kompas.com
482,"Soal Pencapresan Prabowo, Hashim Bicara Kesehatan dan Logistik",kompas.com
483,Wacana Indonesia Bubar pada 2030 dan Ancaman Polarisasi di Masyarakat,kompas.com
484,Keponakan Prediksi Deklarasi Pencapresan Prabowo Setelah Pilkada,kompas.com
485,"Golkar Masih Punya Keinginan Duetkan Jokowi-JK di Pilpres 2019, tetapi...",kompas.com
486,"11 April 2018, Gerindra Agendakan Deklarasi Pencapresan Prabowo",kompas.com
487,Pemerintah Waspadai Ancaman Keamanan terhadap KPU dan Bawaslu,kompas.com
488,"Menunggu ""Tanggal Main"" Prabowo Subianto",kompas.com
489,"Rachmawati Soekarnoputri: Pak Prabowo Tetap Maju, Tunggu Tanggal Mainnya",kompas.com
490,Akankah Kepercayaan Diri Cak Imin Jadi Kunci Kemenangan Jokowi di Pilpres 2019?,kompas.com
491,"Pilpres 2019, Prabowo Minta Masyarakat Bersabar soal Deklarasi Capres ",kompas.com
492,"""Potensi Manusia Jalanan"", Cara PKB Perkuat Citra Jelang Pilpres",kompas.com
493,PDIP-PPP Sepakat Bentuk Tim Bersama Cari Pendamping Jokowi di Pilpres 2019,kompas.com
494,"Faktor-faktor Ini Bikin Cak Imin ""Pede"" Dipilih Jadi Cawapres Jokowi",kompas.com
495,"Indo Barometer: 66,4 persen Masyarakat Sumut Ingin Jokowi Jadi Presiden Lagi",kompas.com
496,"Soal Cawapres Jokowi, Puan Jelaskan Alasan PDI-P Ingin Libatkan JK",kompas.com
497,KIPP: Parpol Baru Berhak Kampanyekan Capres-Cawapres di Pilpres 2019,kompas.com
498,Gerindra: Tak Ada Halangan Memasangkan Capres dan Cawapres dari Militer,kompas.com
499,"""Sudah Sepantasnya Wakil Presiden Jokowi Tetap dari Golkar""",kompas.com
500,Siapa Pun Cawapresnya Dinilai Tak Pengaruhi Jokowi pada Pilpres 2019,kompas.com
501,Ketua DPP Golkar Minta Kader Tak Hanya Sibuk Bahas Cawapres Jokowi,kompas.com
502,Golkar Dinilai Tak Punya Tokoh yang Mampu Tingkatkan Elektabilitas Partai,kompas.com
503,Titiek Soeharto: Emang Pak Prabowo Maju Pilpres 2019?,kompas.com
504,Jusuf Kalla Tertawa Saat Ditanya Keterlibatannya di Tim Penjaringan Cawapres Jokowi,kompas.com
505,"Jelang Pilpres, Relawan Jokowi Janji Menangkan Gus Ipul-Puti Soekarno",kompas.com
506,Aburizal Nilai Airlangga Layak Jadi Cawapres Jokowi,kompas.com
507,Airlangga Hartarto Klaim Jokowi Nyaman dengan Kader Partai Golkar ,kompas.com
508,Luhut dan Andi Widjajanto Disebut Sudah Siapkan Tim Pemenangan Jokowi,kompas.com
509,Aburizal Berharap Cawapres Jokowi dari Partai Golkar Lagi,kompas.com
510,"Resmi, Perindo Dukung Jokowi pada Pilpres 2019",kompas.com
511,Wapres Kalla Ungkap Dua Kriteria Cawapres Pendamping Jokowi,kompas.com
512,Hashim Djojohadikusumo Nilai Prabowo Lebih Siap pada Pilpres 2019,kompas.com
513,Gerindra Buka Peluang Bangun Koalisi dengan Demokrat dan PKB ,kompas.com
514,"Pilpres 2019, Fadli Zon Klaim Gerindra Semakin Dekat dengan PKS-PAN",kompas.com
515,Petinggi Golkar dan PDI-P Bahas Pilpres hingga Cuti Presiden ,kompas.com
516,Cak Imin Populerkan 'Sudurisme' di Pangandaran,kompas.com
517,"Petani, Nelayan, dan Buruh Hibahkan 1 Hektar Tanah pada Cak Imin",kompas.com
518,"Bahas Strategi Komunikasi Jelang 2019, Gerindra Kumpulkan Kader Partai",kompas.com
519,"Pencalonan Khofifah di Pilkada Jatim, ""Bargaining"" AHY di Pilpres",kompas.com
520,"Bicarakan Pilpres, Golkar-PAN Mengaku Banyak Kesamaan",kompas.com
521,Fadli Zon Bantah Anggapan Prabowo Ragu Maju Pilpres 2019,kompas.com
522,"Poros Ketiga Sulit Terbentuk, PKB Isyaratkan Merapat ke Jokowi",kompas.com
523,Mengapa Prabowo Tak Kunjung Deklarasi Pencapresan?,kompas.com
524,"Anies Masuk Daftar Cawapres Prabowo, Ini Kata Sandiaga",kompas.com
525,"Politisi Gerindra: Kalau Sudirman Said Tak Dukung Prabowo, Apa Layak Kami Dukung Dia?",kompas.com
526,"Projo: Kalau Lawan ""Ngos-ngosan"", Jokowi Bisa Jadi Calon Tunggal",kompas.com
527,"Cawapres Jokowi, Projo Ingin Tokoh yang Tak Ada Kepentingan pada 2024",kompas.com
528,Ketua Umum PPP: Gatot Nurmantyo Sulit Masuk Arena Pilpres 2019,kompas.com
529,"Pilpres 2019, Kecil Kemungkinan Demokrat Gabung ke Koalisi Jokowi ",kompas.com
530,Jimly: Jokowi Tak Harus Cuti Sepanjang Masa Kampanye Pilpres,kompas.com
531,"Masuk Bursa Cawapres Jokowi, Jimly Tak Mau GR",kompas.com
532,Anies Baswedan dan Gatot Nurmantyo Masuk Daftar Cawapres Prabowo,kompas.com
533,KPU Ingatkan Capres Petahana Wajib Cuti Saat Kampanye,kompas.com
534,"Ketum Golkar: Pendukung Pemerintah 62,5 Persen, Hanya Dua Poros di Pilpres 2019",kompas.com
535,PDI-P Sebut Puan Maharani dan AHY Masuk Daftar Cawapres Jokowi,kompas.com
536,Golkar Berharap Jokowi Pilih Airlangga Hartarto sebagai Pendamping di Pilpres 2019,kompas.com
537,Sosiolog: Penyebar Hoaks adalah Musuh Demokrasi,kompas.com
538,Mahfud MD Mengaku Bersedia jika Jadi Cawapres bagi Jokowi,kompas.com
539,Din Syamsudin Sebut Capres Cawapres Harus Cerminkan Kemajemukan,kompas.com
540,"Ketum PPP: Jokowi dan Prabowo Sepakat ""Rematch"" di Pilpres 2019",kompas.com
541,Bawaslu Ingatkan ASN dan TNI/Polri Tak Dilibatkan Bahas Kandidat Pilpres,kompas.com
542,Ulama Kalsel Usulkan Jokowi Gandeng Tokoh Agama di Pilpres 2019,kompas.com
543,DPD Gerindra se-Indonesia Deklarasi Prabowo Subianto sebagai Capres,kompas.com
544,"Gerindra DKI: Kalau Prabowo Sudah Ngapa-ngapain, Lewat Tuh Jokowi",kompas.com
545,"Gerindra Tetap ""All Out"" di Pilkada Jatim Meski Gus Ipul Dukung Jokowi",kompas.com
546,Politik Ketokohan Diperkirakan Masih Kuat pada Pemilu 2019,kompas.com
547,34 DPD Akan Kumpul Desak Deklarasi Prabowo sebagai Capres,kompas.com
548,Fadli Zon Yakin Elektabilitas Prabowo Naik Setelah Deklarasi Capres,kompas.com
549,Dua Variabel Ini Dinilai Tentukan Manuver Demokrat pada Pilpres 2019,kompas.com
550,Fadli Zon: Deklarasi Prabowo Capres 2019 Setelah Rakornas Gerindra April 2018,kompas.com
551,Zulkifli Hasan: Perlu Keajaiban untuk Munculkan Poros Ketiga,kompas.com
552,"Gerindra: Prabowo Belum Putuskan ""Nyapres"" di Pemilu 2019",kompas.com
553,Demokrat Siapkan 5 Sasaran Besar jika Menang di Pilpres 2019,kompas.com
554,SBY: Semoga di Pilpres 2019 Bapak Jokowi Sukses,kompas.com
555,Politisi Demokrat Anggap Wacana Poros Ketiga sebagai Dinamika Politik,kompas.com
556,Ketum PAN Zulkifli Hasan Akui Bentuk Poros Ketiga Tak Mudah,kompas.com
557,Peta Koalisi Pilpres 2019 dan Kemiripannya dengan Pilkada DKI...,kompas.com
558,PDI-P Yakin Pemilih Jokowi Solid meskipun Poros Ketiga Muncul,kompas.com
559,Fadli Zon Pastikan PKS Koalisi dengan Gerindra di Pilpres 2019,kompas.com
560,Fahri Hamzah: Pasti Jokowi Kalah Lawan Prabowo,kompas.com
561,Tiga Skenario Pilpres 2019 Menurut Priyo Budi Santoso,kompas.com
562,PKB: Kiai NU Se-Jakarta Beri Mandat Cak Imin Maju Pilpres 2019,kompas.com
563,Indo Barometer: Tidak Mungkin Calon Tunggal dalam Pilpres 2019,kompas.com
564,"Ditanya Poros Ketiga, AHY Bicara Momentum Deklarasi Koalisi ",kompas.com
565,Indo Barometer: Koalisi Poros Ketiga pada Pilpres 2019 Agak Sulit Terwujud,kompas.com
566,Agus: Saya Mengamini Aspirasi AHY Jadi Alternatif di Pilpres 2019,kompas.com
567,Golkar Pastikan Tak Akan Bentuk Poros Baru di Pilpres 2019,kompas.com
568,"Bertemu AHY, Ketum Golkar Berharap Demokrat Dukung Jokowi di Pilpres 2019",kompas.com
569,Jokowi: Makin Banyak Calon untuk Cawapres Makin Bagus,kompas.com
570,Peneliti LIPI: Munculkan Poros di Luar Jokowi dan Prabowo Jadi Tantangan Pilpres 2019,kompas.com
571,Gerindra Tak Masalah jika Muncul Poros Baru Penantang Jokowi dan Prabowo,kompas.com
572,"Menurut Demokrat, Elektabilitas Parpol Jatuh Bila Petingginya Bukan Capres atau Cawapres",kompas.com
573,Demokrat: Pencalonan AHY dalam Pilpres 2019 Belum Final,kompas.com
574,AHY Nilai Terlalu Dini Bahas Poros di Luar Jokowi dan Prabowo Dalam Pilpres 2019,kompas.com
575,Gerindra Akan Tentukan Cawapres Prabowo Atas Persetujuan Koalisi,kompas.com
576,Tiga Syarat Capres-Cawapres Ideal Versi ICW,kompas.com
577,Peneliti ICW Nilai Mahfud MD Cocok Jadi Cawapres Jokowi,kompas.com
578,PDI-P Anggap Poros di Luar Jokowi dan Prabowo Sulit Terbentuk,kompas.com
579,PKB Isyaratkan Tetap Berkoalisi dengan Pendukung Jokowi di Pilpres 2019,kompas.com
580,"Ada Poros Baru Selain Pendukung Jokowi dan Prabowo, Mungkinkah?",kompas.com
581,Pemerintah Bantah Dana PKH Naik terkait Pilpres 2019,kompas.com
582,"Pilpres 2019, PAN Kemungkinan Tak Usung Jokowi",kompas.com
583,"Soal Maju Cawapres, Muhaimin Tunggu Ajakan Partai Koalisi Pemerintah",kompas.com
584,"Duet Jokowi-Prabowo, Politisi PDI-P Bilang Tak Ada yang Tak Mungkin",kompas.com
585,"Jelang Pilpres 2019, Prabowo Akui Bertemu Cak Imin",kompas.com
586,Politisi PDI-P Bantah Ada Upaya Pilpres 2019 Diikuti Calon Tunggal,kompas.com
587,Bambang Soesatyo Tak Masalah jika Pilpres Hanya Diikuti Jokowi,kompas.com
588,Fadli Zon Tak Permasalahkan Jokowi-PSI Bahas Pilpres 2019 di Istana,kompas.com
589,Fadli Zon Lihat Ada Upaya Ciptakan Oligarki di Pilpres 2019,kompas.com
590,Demokrat Akui Safari Politik AHY untuk Bangun Koalisi Pilpres 2019,kompas.com
591,Demokrat Sebut AHY akan Terus Silaturahmi ke Pimpinan Parpol,kompas.com
592,Saat Istana Mulai Disibukkan dengan Pilpres 2019...,kompas.com
593,"Pilpres 2019, PKS Ungkap Sempat Diajak Gabung Koalisi Pendukung Jokowi",kompas.com
594,"Grace Natalie: Siapapun Pilihan Jokowi, Kami Ikut...",kompas.com
595,"Soal Keputusan Maju Pilpres 2019, Prabowo Masih Tunggu Saat yang Tepat",kompas.com
596,"Fadli Zon Berharap PAN, PKB dan Demokrat Usung Prabowo di Pilpres 2019",kompas.com
597,"90 Menit, Jokowi Bahas Strategi Pemenangan Pilpres 2019 dengan PSI",kompas.com
598,PKB Anggap Cak Imin Layak Diperebutkan Jokowi dan Prabowo,kompas.com
599,"Jelang Pilpres 2019, Gus Ipul Dukung Jokowi Jadi Capres",kompas.com
600,PDI-P Umumkan Nama Pendamping Jokowi pada Pilpres 2019 Sebelum Lebaran,kompas.com
601,Ini Tiga Kriteria Cawapres Pendamping Jokowi Menurut PDI-P,kompas.com
602,"Usung Muhaimin Iskandar Jadi Cawapres 2019, PKB Tunggu Muspimnas",kompas.com
603,Partai Demokrat Dinilai Memiliki Peran Strategis Dalam Pilpres 2019 ,kompas.com
604,"Kata Puan, Cawapres Jokowi Menunggu Keputusan Megawati",kompas.com
605,Reklame Besar Muhaimin Iskandar Cawapres 2019 Bermunculan di Bekasi,kompas.com
606,"Reklame Muhaimin Iskandar Cawapres 2019 Bermunculan, Ini Kata PKB",kompas.com
607,"""Dukungan Banyak Parpol Tak Cukup, Jokowi Butuh Cawapres untuk Atasi Masalah Ekonomi""",kompas.com
608,Pengamat: Pilpres 2019 Isu Sentralnya Mencari Cawapres untuk Jokowi,kompas.com
609,"PPP Tak Masalahkan Duet Jokowi-Prabowo pada Pilpres 2019, asal...",kompas.com
610,Jokowi Vs Prabowo di Pilpres 2019 Dinilai Bisa Kembali Picu Konflik di Masyarakat,kompas.com
611,"Jusuf Kalla Didorong Kembali Jadi Cawapres, Apa Kata KPU? ",kompas.com
612,"""Paling Tidak, Pak JK Bisa Jadi Kingmaker di Pilpres 2019""",kompas.com
613,PPP Anggap Kriteria Cawapres Kalangan Agamis Seimbangkan Posisi Jokowi,kompas.com
614,Golkar Ingin Cawapres Jokowi Punya Elektabilitas Tinggi,kompas.com
615,PPP: JK Tak Bisa Dicalonkan Kembali pada Pilpres 2019,kompas.com
616,Jusuf Kalla Menolak Dicalonkan sebagai Cawapres,kompas.com
617,"Bambang Soesatyo: Kalau JK Tak Bisa Jadi Cawapres, Maka yang Ideal Jokowi-Prabowo",kompas.com
618,PDI-P Masih Beda Sikap soal Duet Jokowi-JK untuk Pilpres 2019,kompas.com
619,JK Kembali Menjadi Wapres Jokowi?,kompas.com
620,"Cari Cawapres Jokowi, PDI-P Utamakan Elektabilitas dan Kecocokan",kompas.com
621,"Disebut Paling Disetujui Jadi Cawapres Prabowo, Bagaimana Tanggapan Anies?",kompas.com
622,"Usung Jokowi sebagai Capres, PDI-P Jalin Komunikasi dengan Parpol Luar Koalisi",kompas.com
623,Canda dan Keriangan Jokowi Usai Diusung sebagai Capres,kompas.com
624,"PDI-P Deklarasi Usung Jokowi, Gerindra Masih Cari Waktu Pas",kompas.com
625,"Ditanya Sosok dan Kriteria Cawapres, Jokowi Sebut Sudah Ada di Kepala",kompas.com
626,"Ditanya Kriteria Cawapres, Jokowi Akan Bicara dengan Partai Pendukung",kompas.com
627,Survei: Anies Baswedan Paling Disetujui Jadi Cawapres Prabowo,kompas.com
628,"Survei Alvara: Gatot Nurmantyo, Tokoh yang Paling Disetujui Jadi Cawapres Jokowi",kompas.com
629,Survei: Elektabilitas AHY Tertinggi sebagai Cawapres Pemilu 2019,kompas.com
630,Golkar Akui Butuh Waktu untuk Alihkan Dukungan Konstituen dari Prabowo kepada Jokowi,kompas.com
631,Golkar Optimistis Basis Pemilih Prabowo Akan Memilih Jokowi di 2019,kompas.com
632,"Elektabilitas Jokowi Turun, PDI-P Akui Sektor Ekonomi Belum Optimal",kompas.com
633,"Bahas Pilpres 2019, Rakernas PDI-P Turut Dihadiri Jokowi",kompas.com
634,Hanura dan Kepercayaan Diri Hadapi Pemilu 2019,kompas.com
635,"Dibandingkan Cawapres Lain, Oesman Sapta Yakin Wiranto Paling Unggul",kompas.com
636,"Survei Median: Konstituen Golkar, PPP dan Hanura Pilih Prabowo dibanding Jokowi",kompas.com
637,"Survei Median: Elektabilitas Jokowi dan Prabowo Turun, Tokoh Lain Naik",kompas.com
638,"PDI-P: Pemilihan Cawapres Jokowi Lewat Dialog, Bukan Lihat Siapa Pasang Spanduk",kompas.com
639,Istana Nilai Potensi Hoaks Kian Pesat Jelang Pilpres 2019,kompas.com
640,Jokowi Bicarakan soal Pilpres 2019 dengan Megawati,kompas.com
641,"Kriteria Cawapres Jokowi dari PPP, Muda dan Santri",kompas.com
642,Golkar Minta Cawapres Jokowi Didiskusikan dengan Semua Partai Pengusung,kompas.com
643,"Pilpres 2019, PDI-P Tetap Pilih Jokowi",kompas.com
644,"Koalisi Pilpres, PAN Ingin Jalin Komunikasi dengan Semua Partai",kompas.com
645,Cak Imin: Kader PKB Ingin Saya Jadi Cawapres Jokowi,kompas.com
646,"Pilpres 2019 Didominasi Pemilih Muda, Ini Instruksi AHY kepada Kader Baru Demokrat",kompas.com
647,Nusron Wahid: Saya Yakin Lawannya Jokowi Bukan Prabowo,kompas.com
648,Kriteria Pendamping Jokowi di Pilpres 2019 Versi Jusuf Kalla,kompas.com
649,Jusuf Kalla Tak Akan Dampingi Jokowi di Pilpres 2019,kompas.com
650,Jusuf Kalla Tak Dimungkinkan Lagi Dampingi Jokowi di Pilpres 2019,kompas.com
651,Prabowo Pilih Anies sebagai Cawapres 2019?,kompas.com
652,Jokowi Kembali Gandeng JK di Pilpres 2019?,kompas.com
653,Kader Gerindra Tunggu Kesediaan Prabowo Maju Pilpres 2019,kompas.com
654,Prabowo Akan Intensifkan Komunikasi dengan Partai Lain,kompas.com
655,Jakut dan Jakbar Dianggap Daerah Rawan Kampanye Hitam di Pilpres 2019,kompas.com
656,"Masuk Bursa Capres PKS, Ini yang Disiapkan Anis Matta ",kompas.com
657,"Fahri Hamzah: Anies Baswedan ""Mikirin"" Jakarta Saja",kompas.com
658,Nama-nama Calon Penantang Jokowi di Pilpres 2019 versi LSI Denny JA,kompas.com
659,Tiga Faktor Ini Membuat Elektabilitas Jokowi Belum Aman untuk Pilpres 2019,kompas.com
660,"Dukung Jokowi pada Pilpres 2019, Golkar Tak Berharap Imbalan Cawapres",kompas.com
661,"Terancam Tak Lolos ke DPR, PKS Minta Capresnya Kerja Keras",kompas.com
662,"""Jelas, Jokowi Butuh 'Amankan' Pilpres 2019...""",kompas.com
663,Kalla Sebut Pileg dan Pilpres 2019 Akan Jadi Pemilu Terumit di Dunia,kompas.com
664,Partai Hanura Kubu Daryatmo Dukung Jokowi di Pilpres 2019,kompas.com
665,KPU Diminta Fokus Kerja dan Tak Sibuk Hadiri Kegiatan Seremonial,kompas.com
666,Jokowi Legalkan Cantrang Demi Suara Nelayan di Pilpres 2019?,kompas.com
667,"Reshuffle, Komitmen yang Dilanggar, dan Persiapan Pilpres 2019",kompas.com
668,"Jika Tak Ada Verifikasi Faktual, Hasil Pilpres 2019 Rentan Digugat ke MK",kompas.com
669,"Sadar Posisi, PKS Merasa Punya Alasan Ajukan Kader Jadi Cawapres",kompas.com
670,MK: Verifikasi Faktual Semua Parpol Berlaku untuk Pilpres 2019,kompas.com
671,PKS Tetapkan Sembilan Nama Calon Presiden untuk Pemilu 2019,kompas.com
672,"Bagi PAN, Zulikifli Hasan Masih Tetap Bisa Ikut Bursa Pilpres 2019",kompas.com
673,PAN: Belum Tentu Jokowi dan Prabowo Maju Pilpres 2019,kompas.com
674,"Presidential Threshold 20 Persen, PAN Tetap Yakin Zulkifli Hasan Maju Pilpres",kompas.com
675,"Tak Bisa Usung Calon di Pilpres 2019, Ini Strategi Partai Demokrat ",kompas.com
676,"""Presidential Threshold"" 20 Persen, Gerindra Tetap Usung Prabowo di Pilpres 2019",kompas.com
677,Menilik Pilpres 2019 Lewat Pilkada Jateng 2018,kompas.com
678,Prabowo Sebut Koalisi PKB dengan Gerindra di Jateng tak Terkait Pilpres 2019,kompas.com
679,Golkar Minta Calon Kepala Daerah yang Diusung Sukseskan Pencapresan Jokowi,kompas.com
680,"Jelang Pilkada, PKS Sebut Tak Ada Kontrak Politik Menangkan Capres di 2019 ",kompas.com
681,"Survei SMRC, Menakar Arah Suara Generasi Milenial pada Pilpres 2019",kompas.com
682,"Survei SMRC: 66,9 Persen Responden Setuju Jokowi-Prabowo Berpasangan di Pilpres 2019",kompas.com
683,"Konflik Politik 2019 Akan Semakin Besar, jika...",kompas.com
684,"Didukung Parpol tapi Elektabilitas Lambat Naik, Tantangan Jokowi Jelang 2019",kompas.com
685,Timses Tegaskan Airlangga Tak Berniat jadi Cawapres Jokowi,kompas.com
686,Golkar Kembali Tegaskan Dukungan untuk Jokowi di Pemilu 2019,kompas.com
687,"Dalam Rapimnas, Golkar Tegaskan Kembali Dukung Jokowi di Pilpres 2019",kompas.com
688,"Ketua KPU: Salah Sedikit Saja, Pemilu Akan Disebut Gagal",kompas.com
689,"Golkar Diprediksi Hanya Jadi ""Penyanyi Latar"" di Pilpres 2019",kompas.com
690,Menakar Kekuatan Infrastruktur Jadi Andalan Jokowi pada Pilpres 2019,kompas.com
691,"Survei Elektabilitas Cawapres Tertinggi, Akankah Anies Baswedan Dampingi Prabowo?",kompas.com
692,"Indo Barometer: Jika Duet dengan Jokowi, AHY Raih Elektabilitas Tertinggi ",kompas.com
693,"Jelang Pemilu, Perlukah Jokowi Ikuti Jejak SBY pada 2009?",kompas.com
694,Jokowi Dinilai Kurang Mengemas Isu Infrastuktur Jadi Kekuatan Politik,kompas.com
695,Idrus Janji Bakal Tingkatkan Kemenangan Jokowi di Pilpres 2019 jika Jadi Ketum Golkar,kompas.com
696,"AHY Urutan Kedua Cawapres, Demokrat Anggap Anak SBY Layak Jadi Pemimpin",kompas.com
697,"Elektabilitas 53 Persen, Posisi Jokowi Dinilai Belum Aman",kompas.com
698,"Jelang Pilpres 2019, Relawan Kocak di Solo Dukung Jokowi dan Cak Imin",kompas.com
699,"Survei Poltracking: Gatot dan AHY, Dua Teratas untuk Pendamping Jokowi",kompas.com
700,Kandidat Dirjen Pajak Baru dan Jokowi Jelang Pilpres 2019,kompas.com
701,Kelompok Muda di Jabar Deklarasikan Dukung Cak Imin Jadi Cawapres,kompas.com
702,"Panglima TNI: Jangan Berpikir Saya Jadi Presiden, tapi...",kompas.com
703,Kader Nasdem Elu-elukan Gatot Nurmantyo Jadi Wapres ,kompas.com
704,Nasdem Masih Rahasiakan Calon Pendamping Jokowi di Pilpres 2019,kompas.com
705,"Dalam Sebulan Terakhir, PKB Terima 71 Dukungan Cak Imin Maju Pilpres",kompas.com
706,Fadli Zon: Jawa Barat Akan Menangkan Prabowo,kompas.com
707,"Pilkada Jabar Sudah Dekat, 12.000 Warga Bogor Belum Punya E-KTP",kompas.com
708,Upaya Pelemahan KPK Diprediksi Semakin Menjadi Hingga Pilpres 2019,kompas.com
709,PKB Sindir Golkar dan PPP Buru-buru Dukung Jokowi di Pilpres 2019,kompas.com
710,Cak Imin Mengaku Belum Pernah Bertemu Relawannya untuk Pilpres 2019,kompas.com
711,"Pertengahan 2018, Cak Imin Beri Kepastian Ikut Pilpres 2019 atau Tidak",kompas.com
712,Cak Imin Minta Relawannya Serius Tunjukkan Dukungan untuk Pilpres 2019,kompas.com
713,Sudah Dua Tahun Ini Cak Imin Intens Safari Politik untuk Pilpres 2019,kompas.com
714,Cak Imin: Lah Wong Survei Saya Saja Masih Kecil...,kompas.com
715,"Safari Politik Agus Yudhoyono Dianggap ""Pemanasan"" untuk Pilpres 2024",kompas.com
716,"Pendukung Cak Imin-AHY ""Urunan"" Setiap Pekan",kompas.com
717,"Deklarasi Dukungan, Kelompok Pro-1 Belum Minta Restu Cak Imin-AHY",kompas.com
718,Ini Alasan Kelompok Pro-1 Dukung Cak Imin-AHY pada Pilpres 2019,kompas.com
719,"Kelompok Pro-1 Deklarasi Pemimpin Zaman Now, Cak Imin-AHY",kompas.com
720,"Merasa Lebih Siap, Gerindra Targetkan Menang Pileg dan Pilpres 2019",kompas.com
721,"Ditanya soal Kembali Jadi Capres, Prabowo Tertawa Sambil Tepuk Tangan",kompas.com
722,PAN Belum Putuskan Dukung Jokowi pada Pilpres 2019,kompas.com
723,"""DKI Kepengin Pemimpin Baru, Indonesia Kelihatannya Juga...""",kompas.com
724,Hanura Belum Bahas Calon Pendamping Jokowi pada Pilpres 2019,kompas.com
725,"Kata Roy Suryo, Elektabilitas Jokowi Tinggi Berkat ""Buzzer""",kompas.com
726,KPU Berpotensi Langgar UU karena Wajibkan Sipol,kompas.com
727,Nasdem Targetkan Dua Digit Suara dan Menangkan Jokowi di Pemilu 2019,kompas.com
728,Usulan Gatot Cawapres Jokowi Mengemuka di Mukernas PPP,kompas.com
729,"Kata Fadli Zon, Tak Masalah jika Gatot Nurmantyo Maju Pilpres 2019",kompas.com
730,"Empat Kali Ikut Pemilihan, Jokowi Mengaku Sudah Paham Situasi Politik",kompas.com
731,"Jelang Tahun Pemilu, Jokowi Minta Polri Petakan Sumber-sumber Provokasi",kompas.com
732, Hanura Optimistis Dulang Banyak Suara di Pilpres dan Pilkada Jabar,kompas.com
733,"Menurut PKS, Gatot Nurmantyo Belum Punya Elektabilitas",kompas.com
734,"Elektabilitas Prabowo Jauh di Bawah Jokowi, Demokrat Lihat Ada Peluang untuk Agus",kompas.com
735,Tommy Soeharto Tidak Akan Maju pada Pilpres 2019,kompas.com
736,DPR Nilai Rhoma Irama Masih Bisa Jadi Calon Presiden pada Pemilu 2019,kompas.com
737,Jusuf Kalla Anggap Kegaduhan Jelang Tahun Politik Hal Biasa,kompas.com
738,Puluhan Ulama Jateng Dukung Jokowi Maju Pilpres 2019,kompas.com
739,Misteri Isu PKI dan Pilpres 2019,kompas.com
740,"Publik Perlu Pikir Ulang Pilih Jokowi di Pilpres 2019, jika...",kompas.com
741,Pernyataan Jaksa Agung Dinilai Akan Rugikan Jokowi pada Pilpres 2019,kompas.com
742,"Bertemu Jokowi, Para Ulama Jateng Nyatakan Dukungan pada Pilpres 2019",kompas.com
743,"Di MK, Idaman Merasa ""Presidential Threshold"" Merugikan Rhoma Irama",kompas.com
744,Idrus Anggap Tak Masalah Foto Jokowi Disandingkan dengan Novanto,kompas.com
745,"Fahri Hamzah: Jokowi Sudah ""Manasin"" Mesin, yang Lain Mana?",kompas.com
746,Golkar Aji Mumpung Usung Jokowi di Pilpres 2019,kompas.com
747,"PKS Minta Jokowi Penuhi Janji Kampanye, Bukan Pikirkan Pilpres 2019",kompas.com
748,Demokrat: Jokowi Terlalu Cepat Bicara Pilpres Sekarang,kompas.com
749,"Parpol Banyak Kepentingan, Jokowi Dinilai Lebih Andalkan Relawan untuk Pilpres 2019",kompas.com
750,Tjahjo Usul Jusuf Kalla Jadi Ketua Timses Jokowi dalam Pilpres 2019,kompas.com
751,Tjahjo Harap Semua Menteri Sukseskan Jokowi di Pilpres 2019,kompas.com
752,PPP Anggap Wacana PAN Calonkan Zulkifli Hasan Tak Ganggu Koalisi,kompas.com
753,"Gerindra Tak Masalah Koalisi dengan PAN, asalkan Prabowo Jadi Capres",kompas.com
754,"Akan Diusung pada Pilpres 2019, Zulkifli Hasan Minta Kader PAN Kerja Keras",kompas.com
755,"Sebagai Partai Menengah, PAN Yakin Wacana Calonkan Zulkifli Hasan Realistis",kompas.com
756,Zulkifli Hasan Anggap Suara PAN Naik jika Kader Diusung dalam Pilpres 2019,kompas.com
757,"Soal Pilpres, Zulkifli Hasan Tak Bermimpi Jadi Capres atau Cawapres",kompas.com
758,Rakernas PAN di Bandung Tak Bicarakan Agenda Khusus Pilpres 2019,kompas.com
759,"Politisi PKS Nilai jika Menang Pilkada Jabar, Besar Peluang Menang Pilpres 2019",kompas.com
760,Partai Golkar Usung Jokowi di Pilpres 2019,kompas.com
761,"RAPBN 2018, Pertaruhan Jokowi Menuju Pilpres 2019",kompas.com
762,"Jelang Pilpres, Kominfo Gencar Bersih-bersih Konten Negatif Internet",kompas.com
763,"Di Hadapan Relawan, Jokowi Tak Respons soal Dukungan Maju Pilpres 2019",kompas.com
764,"Golkar Sebut Jokowi Bebas Pilih Cawapres untuk 2019, asal...",kompas.com
765,Muhaimin: Manuver Terkait Pilpres Akan Ganggu Konsentrasi Pemerintah,kompas.com
766,Prabowo Belum Nyatakan Kesediaannya Maju di Pilpres 2019,kompas.com
767,"Zulkifli Hasan: Kalau Hari Ini Ngomongin Pilpres, Nanti Rakyat Marah",kompas.com
768,"Pasti Usung Jokowi, Nasdem Tunggu Waktu yang Tepat untuk Deklarasi",kompas.com
769,Pernyataan Saling Menjatuhkan oleh Elite Parpol Bisa Picu Konflik Sosial,kompas.com
770,Hasto Yakin Jokowi Lebih Kuat Diasosiasikan ke PDI-P Dibanding Partai Lain,kompas.com
771,PDI-P Berharap Dukungan Parpol Lain untuk Jokowi 2019 Solid,kompas.com
772,Alasan PDI-P Tak Ikut-ikutan Deklarasi Dukungan untuk Jokowi,kompas.com
773,"PDI-P Tunggu Sikap Resmi Nasdem, PKB dan PAN soal Pencalonan Jokowi",kompas.com
774,"Bagi Demokrat, Terlalu Dini Bicara Capres Saat Ini",kompas.com
775,"Demokrat: Politik Itu Dinamis, Hari Ini Dukung, Besok Belum Tentu",kompas.com
776,"Dukungan Maju Pilpres 2019 Terus Bertambah, Ini Respons Jokowi",kompas.com
777,Hanura Tegaskan Dukungan untuk Jokowi di Pilpres 2019,kompas.com
778,Pesan Fadli Zon untuk Pemimpin Parpol yang Juga Pemilik Jaringan Media,kompas.com
779,"Hanura: Mudah-mudahan Dukungan Perindo Tulus, Bukan karena Sesuatu",kompas.com
780,PKB Dorong Cak Imin Jadi Calon Wakil Presiden 2019,kompas.com
781,"Digadang-gadang Maju Pilpres 2019, Agus Yudhoyono Hanya Mengamini ",kompas.com
782,"Ketum PAN: Masak Udah Ngomongkan Pilpres, Nanti Rakyat Marah",kompas.com
783,"Kantongi 9,04 persen, PKB Ingin Kader sebagai Capres atau Cawapres 2019",kompas.com
784,Partai Demokrat Belum Pasti Ajukan Agus Yudhoyono untuk Pilpres 2019,kompas.com
785,Sandi Bantah Kunjungan Anies ke Daerah Berkaitan dengan Pilpres 2019,kompas.com
786,"Setelah Kubu Romi, Kini Djan Faridz Dukung Jokowi pada Pilpres 2019",kompas.com
787,"Jokowi Kini Kantongi ""Tiket"" Pilpres 2019...",kompas.com
788,PPP Anggap Diamnya Jokowi sebagai Bentuk Setuju Maju Pilpres 2019,kompas.com
789,PPP Deklarasi Mendukung Jokowi pada Pilpres 2019,kompas.com
790,"Fadli Zon Tuding Pemerintah Jegal Prabowo, Ini Kata Mendagri",kompas.com
791,PPP Akan Gelar Mukernas untuk Hadapi Pilkada dan Pilpres 2019,kompas.com
792,AHY Jawab Wacana Dirinya Maju sebagai Capres 2019,kompas.com
793,Kata Ketum Golkar soal Kemungkinan Demokrat Usung AHY di Pilpres 2019,kompas.com
794,"Diproyeksikan Maju Pilpres 2019, AHY Sudah Jadi Kader Demokrat?",kompas.com
795,Peran Setya Novanto dan Ambisi Partai Golkar di 2019...,kompas.com
796,"Ingin Istirahat, Jusuf Kalla Tak Akan Maju Pilpres 2019",kompas.com
797,Golkar Segera Bentuk Badan Pemenangan Pemilu 2019,kompas.com
798,Saat Kader Pertanyakan Dukungan Golkar untuk Jokowi di Pilpres 2019,kompas.com
799,Larangan Cantrang Akan Jadi Bom Waktu untuk Jokowi Maju Pilpres 2019,kompas.com
800,Partai Berkarya Usung Tommy Soeharto Maju di Pilpres 2019,kompas.com
801,"SBY: Pilpres 2019, Demokrat Usung Pasangan Capres dan Cawapres",kompas.com
802,Golkar Ingin Pilpres 2019 Hanya Satu Putaran,kompas.com
803,Partai Idaman: Belum Tentu Rhoma Irama Maju Pilpres 2019,kompas.com
804,Pengamat LIPI: Hasil Pileg 2014 Tak Masuk Akal Jadi Acuan Pilpres 2019,kompas.com
805,"Partai Idaman Anggap ""Presidential Threshold"" Diskriminatif",kompas.com
806,"Ditanya soal Pilpres 2019, Ini Jawaban Anies...",kompas.com
807,"Gatot Nurmantyo: Tidak Etis Saya Berambisi, Beradu dengan Presiden",kompas.com
808,Prediksi Konstelasi Pilpres 2019 dari Pilkada Jakarta,kompas.com
809,Kebangkitan Lawan Politik Jokowi...,kompas.com
810,Demokrat Anggap AHY Punya Modal untuk Maju pada Pilpres 2019,kompas.com
811,"Survei: 57,8 Persen Ingin Jokowi Kembali Terpilih pada Pilpres 2019",kompas.com
812,"Di Depan Mega, Relawan Teriakan ""Jokowi-Ahok"" untuk Pilpres 2019",kompas.com
813,Hanura Isyaratkan Beri Dukungan ke Jokowi pada Pilpres 2019,kompas.com
814,Fahri Hamzah: Pilkada DKI Putaran Kedua seperti Pemanasan Pilpres 2019,kompas.com
815,Surya Paloh Minta Kader Nasdem Menangkan Pileg dan Pilpres 2019,kompas.com
816,"Prabowo: Kalau Ingin Saya Jadi Presiden 2019, Kalian Harus Kerja Keras",kompas.com
817,Mahfud MD Ingin Semua Parpol di DPR Bisa Usung Capres ,kompas.com
818,"Hadiri Pelantikan Donald Trump, Hary Tanoe Tanggapi soal Pilpres 2019 ",kompas.com
819,"Golkar Minta Parpol Tak Bersikap Mundur soal ""Presidential Threshold""",kompas.com
820,Golkar: Enggak Mungkin Sandingkan Ahok dengan Jokowi pada Pilpres 2019,kompas.com
821,PKS: Jangan Rakyat Dipusingkan dengan Capres yang Banyak,kompas.com
822,Ini Komentar Jokowi soal Ambang Batas Pencalonan Presiden,kompas.com
823,Sekjen PPP Yakin Demokrat Komitmen Tak Majukan Agus di Pilpres 2019,kompas.com
824,Politisi PKB Bantah Agus Tak Tegas Saat Ditanya soal Pilpres 2019,kompas.com
825,"Menurut PKS, Rasional jika Gerindra Wacanakan Usung Prabowo dari Sekarang",kompas.com
826,PKB: Seru jika Semua Parpol Boleh Ajukan Calon,kompas.com
827,Nasdem Buka Peluang Kembali Dukung Jokowi pada Pilpres 2019,kompas.com
828,"Fadli Zon Yakin Prabowo Dapat Menang Pilpres 2019, Ini Alasannya",kompas.com
829,Menimbang Peluang Prabowo di Pilpres 2019,kompas.com
830,Surya Paloh Anggap Terlalu Dini Bicara Pilpres 2019,kompas.com
831,Politisi PDI-P: Pilpres 2019 Akan Lebih Ramai jika Prabowo Capres,kompas.com
832,Prabowo dan Prediksi Pertarungan Pilpres 2019,kompas.com
833,Prabowo Siap Maju Jadi Capres di Pilpres 2019,kompas.com
834,Alasan Gerindra Usung Prabowo di Pilpres 2019,kompas.com
835,Fadli Zon: Mayoritas Kader Gerindra Ingin Prabowo Maju Pilpres 2019,kompas.com
836,Politik Hukum Pilgub Jakarta 2017 dan Pilpres 2019,kompas.com
837,Prabowo Buka Suara soal Kemungkinan Maju pada Pilpres 2019,kompas.com
838,Ketentuan Pengajuan Calon Presiden pada Pilpres 2019 Rentan Digugat ke MK,kompas.com
839,"Ditanya soal Kemungkinan Maju pada Pilpres 2019, Ini Jawaban Jokowi",kompas.com
840,Suara Parpol Ihwal Usulan Hasil Pileg 2014 Jadi Syarat Pilpres 2019,kompas.com
841,"Soal Syarat Pencalonan Pilpres 2019, PKS Anggap Masih Banyak PR Lain",kompas.com
842,PKS Anggap Tak Adil jika Hasil Pileg 2014 Digunakan untuk Usung Calon di Pilpres 2019,kompas.com
843,Partai Baru Terancam Tak Bisa Usung Capres pada Pilpres 2019 ,kompas.com
844,Pemerintah Usulkan Hasil Pemilu 2014 Digunakan untuk Usung Calon dalam Pilpres 2019,kompas.com
845,Akbar Tandjung Anggap Terlalu Dini Bicarakan Pendamping Jokowi pada Pilpres 2019,kompas.com
846,Setya Novanto Bantah Golkar Usulkan Sri Mulyani untuk Dampingi Jokowi di Pilpres 2019,kompas.com
847,Nama Sri Mulyani Diusulkan Dampingi Jokowi pada Pilpres 2019,kompas.com
848,"Gelar Rakor, Golkar Bahas Strategi Pemenangan Jokowi di Pilpres 2019",kompas.com
849,"Bagi Jokowi, Belum Saatnya Bicara Pilpres 2019",kompas.com
850,Ahok Dianggap Akan Rugikan Jokowi pada Pilpres 2019,kompas.com
851,"Dukung Jika Maju di Pilpres 2019, Golkar Ingin Rebut Jokowi dari PDI-P?",kompas.com
852,"Jika Kalah Lawan Ahok, PDI-P Dinilai Akan Kalah di Pilpres 2019",kompas.com
853,Hanura Siap Kembali Dukung Jokowi pada Pilpres 2019,kompas.com
854,PAN Nilai Terlalu Cepat untuk Nyatakan Dukungan pada Pilpres 2019,kompas.com
855,"""Jokowi Belum Penuhi Janji Kampanye, Golkar Terlalu Dini Dukung Pilpres 2019""",kompas.com
856,Politisi PDI-P Curigai Dukungan Golkar ke Jokowi pada Pilpres 2019 ,kompas.com
857,Politisi PDI-P Ragu Golkar Konsisten Dukung Jokowi pada Pilpres 2019,kompas.com
858,Rapimnas Golkar Akan Deklarasikan Dukungan untuk Jokowi pada Pilpres 2019,kompas.com
859,"Dukung Jokowi di Pilpres 2019, Golkar Disebut Bisa Rebut Suara PDI-P",kompas.com
860,Politisi PDI-P Sindir Golkar yang Buru-buru Dukung Jokowi pada Pilpres 2019,kompas.com
861,Akbar Tandjung Sebut Dukungan Golkar untuk Jokowi Maju Pilpres 2019 Belum Final,kompas.com
862,Politisi Gerindra Ingatkan Jokowi Fokus Urusan Negara ketimbang Pilpres 2019,kompas.com
863,Dukungan Novanto kepada Jokowi pada Pilpres 2019 Dinilai untuk Selamatkan Citra Golkar,kompas.com
864,"Temui Jokowi, Golkar Sebut Sudah Bahas Pilpres 2019",kompas.com
865,Akbar Tandjung Minta Novanto Tak Buru-Buru Dukung Jokowi di Pilpres 2019,kompas.com
866,Politisi Demokrat Terkejut Dengar Novanto Siap Dukung Jokowi dalam Pilpres 2019,kompas.com
867,Golkar Dukung Jokowi Maju Pilpres 2019? -Satu Meja,kompas.com
868,Setnov: Golkar Usung Jokowi di Pilpres 2019,kompas.com
869,"Kata Setya Novanto, Golkar Siap Dukung Jokowi pada Pilpres 2019",kompas.com
870,Ruhut Dukung Ani Yudhoyono Dibanding Jokowi dalam Pilpres 2019,kompas.com
871,SBY Cari Calon untuk Pilpres 2019,kompas.com
872,"Agar Fokus Pilpres 2019, Golkar Disarankan Munas pada 2016",kompas.com
873,"Siap Maju di Pilpres 2019, Yusril Harap Mekanisme Pemilu Diperbaiki",kompas.com
874,"Di Hadapan Prabowo, Aburizal Pastikan Tidak Ingin Maju pada Pilpres 2019",kompas.com
875,"Mengaku Sudah Tua, Aburizal Pastikan Tidak Maju di Pilpres 2019",kompas.com
876,"Jokowi Ajak Prabowo ""Bertarung"" Lagi pada Pilpres 2019 ",kompas.com
